{
  "Tamagui (runtime)": {
    "simple": {
      "mount": 78.12139179706574,
      "rerender": 60.3075835943222
    },
    "themed": {
      "mount": 73.6493916273117,
      "rerender": 59.147266602516176
    },
    "rich": null,
    "group": null,
    "heavy": null,
    "animated": null
  },
  "Tamagui (compiled)": {
    "simple": {
      "mount": 17.14667522907257,
      "rerender": 18.198733401298522
    },
    "themed": {
      "mount": 33.06890821456909,
      "rerender": 23.88274199962616
    },
    "rich": null,
    "group": null,
    "heavy": null,
    "animated": null
  },
  "NativeWind v5": {
    "simple": {
      "mount": 28.532766819000244,
      "rerender": 26.699391579627992
    },
    "themed": {
      "mount": 32.46515002250671,
      "rerender": 26.549383401870728
    },
    "rich": null,
    "group": null,
    "heavy": null,
    "animated": null
  },
  "Uniwind": {
    "simple": {
      "mount": 22.37746660709381,
      "rerender": 24.154883408546446
    },
    "themed": {
      "mount": 31.693550205230714,
      "rerender": 25.899133348464964
    },
    "rich": null,
    "group": null,
    "heavy": null,
    "animated": null
  },
  "React Native": {
    "simple": {
      "mount": 19.19649042532994,
      "rerender": 17.683198818793663
    },
    "themed": {
      "mount": 24.169365337261787,
      "rerender": 18.160961614205288
    },
    "rich": null,
    "group": null,
    "heavy": null,
    "animated": null
  }
}